{"cameraMode":{"drawMode":0,"name":"Shaded","section":"Shading Mode"},"sceneLighting":false,"audioPlay":false,"sceneViewState":{"showFog":true,"showMaterialUpdate":true,"showSkybox":true,"showFlares":true,"showImageEffects":true,"showParticleSystems":true},"in2DMode":false,"pivot":{"x":63.72472381591797,"y":26.6400146484375,"z":127.3764877319336},"rotation":{"x":-0.26477375626564028,"y":0.6851071715354919,"z":-0.2973741590976715,"w":-0.6099931597709656},"size":150.69496154785157,"orthographic":false}