{"cameraMode":{"drawMode":0,"name":"Shaded","section":"Shading Mode"},"sceneLighting":false,"audioPlay":false,"sceneViewState":{"showFog":true,"showMaterialUpdate":true,"showSkybox":true,"showFlares":true,"showImageEffects":true,"showParticleSystems":true},"in2DMode":false,"pivot":{"x":0.4457874298095703,"y":8.531349182128907,"z":-2.881072998046875},"rotation":{"x":0.2028370052576065,"y":-0.31926506757736208,"z":0.07015779614448548,"w":0.9230411052703857},"size":35.741310119628909,"orthographic":false}