{"cameraMode":{"drawMode":0,"name":"Shaded","section":"Shading Mode"},"sceneLighting":false,"audioPlay":false,"sceneViewState":{"showFog":true,"showMaterialUpdate":true,"showSkybox":true,"showFlares":true,"showImageEffects":true,"showParticleSystems":true},"in2DMode":false,"pivot":{"x":-1.931777000427246,"y":8.520454406738282,"z":-2.0145044326782228},"rotation":{"x":-0.018955284729599954,"y":-0.15534338355064393,"z":-0.002981595229357481,"w":0.9876742362976074},"size":37.08453369140625,"orthographic":false}