{"cameraMode":{"drawMode":0,"name":"Shaded","section":"Shading Mode"},"sceneLighting":true,"audioPlay":false,"sceneViewState":{"showFog":true,"showMaterialUpdate":true,"showSkybox":true,"showFlares":true,"showImageEffects":true,"showParticleSystems":true},"in2DMode":false,"pivot":{"x":32.53719711303711,"y":8.091070175170899,"z":1.1720762252807618},"rotation":{"x":-0.26477375626564028,"y":0.6851071715354919,"z":-0.2973741590976715,"w":-0.6099931597709656},"size":-2.829019546508789,"orthographic":false}